{
    "课程": {
        "添加": [282.3984375, 252.13671875],
        "输入": [685.578125, 326.82421875],
        "备注": [671.0078125, 357.68359375],
        "新增": [899.14453125, 394.7890625],
        "修改": [516.0, 306.83203125],
        "删除": [567.703125, 306.76953125],
        "确定": [781.09375, 580.53125]
    },
    "登录": {
        "账号": [937.28515625, 431.22265625],
        "密码": [964.51171875, 478.36328125],
        "登录": [1002.33203125, 636.36328125]

    },
    "通知": {
        "家校互动管理": [80.77734375, 396.9765625],
        "通知公告": [286.6875, 389.1328125],

        "发布人": [408.98046875, 318.5703125],
        "标题": [681.1015625, 308.2578125],
        "搜索": [1216.79296875, 310.97265625],
        "重置": [1327.3828125, 312.51953125],
        "导出": [303.7265625, 392.171875],
        "确认导出": [987.0, 602.8984375],
        "确认导出2": [936.26171875, 565.4296875],

        "查看": [1327.19140625, 486.37109375],
        "返回": [1289.328125, 302.59765625],
        "下载明细1": [1174.90234375, 569.87890625],
        "查看明细1": [1266.1328125, 561.88671875],
        "下载明细2": [1170.921875, 707.59375],
        "查看明细2": [1270.9921875, 714.4453125],
        "确认下载": [993.47265625, 600.73046875],
        "关闭明细": [1037.08984375, 382.59375],

        "图片": [364.63671875, 481.3593751],
        "下载图片": [364.63671875, 481.3593751],
        "缩小": [722.88671875, 811.140625],
        "放大": [757.01953125, 813.671875],
        "全屏": [803.19921875, 811.93359375],
        "下载": [836.6796875, 811.6484375],
        "左旋转": [886.16796875, 808.96875],
        "右旋转": [925.31640625, 810.8515625],
        "关闭图片": [1350.8046875, 325.1640625]
    }
}