{
    "课程": {
        "添加": [282.3984375, 252.13671875],
        "输入": [685.578125, 326.82421875],
        "备注": [671.0078125, 357.68359375],
        "新增": [899.14453125, 394.7890625],
        "修改": [516.0, 306.83203125],
        "删除": [567.703125, 306.76953125],
        "确定": [781.09375, 580.53125]




    },
    "登录": {
        "账号": [906.19921875, 456.765625],
        "密码": [923.640625, 503.3203125],
        "登录": [940.05859375, 626.32421875]
    }
}